post_id,caption,comment,timestamp,mental_health,category,severity
116975833228454899,"A Holding Room
For immediate support, you can jump to the resources by clicking on the topics here:Immediate Crisis, Sexual Abuse, Childhood Abuse, Domestic Violence, Mental Health, Depression and SuicideI am really glad you’ve found your way here. Whether that’s because you’ve read one of my books and found it difficult to leave the pages even after the last word or because you’ve stumbled across a blog full of sensitive material or you happened to be at an event where you heard me speak and curiosity tugged you closer, I am glad you’re here.  You’ve likely seen it written on other pages by now, or heard me say it, but your story matters.   We all have one. I am many things.  First, I am a mother.  My heart beats because of them and my world revolves around them. Their names are Breathe and Alight: breathe because breath means life and to breathe means to actively sustain life; the verb form of alight means to descend, to light; the adjective form means to illuminate or set on fire. Alight was an answer to a direct prayer; she alighted onto my life as a gift from God but it was the adjective form that bought her the name. She illuminates my life. Together, they mean illuminated life then.  They are exactly that for me. I’m also a writer, an advocate, a revenue management leader. And I am a survivor of rape. From the age of five, I’ve understood on an intimate level what it means to be held down and forced to do things you don’t want to do. The lessons survivors learn – don’t trust people, the system won’t help you, your body isn’t safe – I learned too. And I’ve spent half my life digging through the rubble, keeping the diamonds and turning ashes into dandelions through storytelling. I spend my nights researching the absolute worst in humanity just so I can find reasons to keep stumbling in the dark, hands outstretched, feeling my way through the world until I see it: light. It was my first speaking engagement in front of a crowd of people. I stood in a classroom at a college in Memphis that was full of students and it was being recorded and I knew there were many more watching. I had spent countless hours writing, rewriting, timing and agonizing over every word in this speech. I worried they might mock me. I worried they might not believe me. I worried they might blame me. I feared that I might receive a reaction that would confirm every awful thing I had been taught to believe. Then I got to the word. That moment in the speech – it was early, quick after the introduction – where I was supposed to say it. Say what happened. I was only a few years past initial disclosure and most of my talking had been through the written word. The word rape terrified me. Worse, it made liquid shame run through my whole body. Instead, I was more comfortable saying, I was hurt. Hurt was my euphemism; it was my protection. But as I stood looking at the crowd of college students staring back at me, something made me stop. If I said hurt, someone in that audience was going to be confused. Hurt how? Molested? Beaten? Verbally abused?  Betrayed?  There were as many ways to misunderstand that word as there were students in the room. Even worse, I’d had the training. I knew the statistics. In that room, there were dozens of survivors and each of them were likely in different stages: some of them could be in an actively abusive situation, some might have just disclosed to someone, someone might be pressing Congress for a new bill. My whole purpose in giving the speech was not to sell a single book. It was not to grow readership. It was to tell a survivor that someone else got it. I wanted a survivor to recognize her or himself in me. The only way that could happen is I said the word.  So I did. Out loud. In front of a hundred or more people. My body immediately responded: my face heated with shame, my head dropped to avoid seeing reactions, I stumbled over the rest of the sentence, the world blurred behind unshed tears. Anyone watching immediately knew I wasn’t a healed anything; I was ashamed and saying it anyway. No one was unkind.In fact, someone approached me afterward and told me she heard me. I went home and brutally attacked that word rape by researching the full history. I didn’t just google it, I spent hours researching its history. And one definition stopped me in my tracks. Rape originally meant to seize, to take by force. The word that got me was “seize.” Because something was missing, something was taken. I felt it in my bones. I missed and ached for the little girl, the innocence that I barely remembered. What happened did seize something. When I applied that definition instead of thinking about it as a physical act, I could say it.The word “hero” comes from ancient Greek where it meant protector and has evolved to mean someone with exceptional courage. The word brave originally implied a sense of wildness. So, the phrase brave hero means someone who wildly protects someone or something. Protect didn’t originally mean save. It simply meant to shield.  A shield can be anything that keeps something harmful at a safer distance. One of the most powerful shields against the lies of abuse, against the fear, against nightmares, against hopelessness, against all the tender things trauma attacks us with is conversation. When we invite someone to hold space for us so that we can share how we are feeling and what we are thinking, we shield our minds and hearts from more pain. We don’t have to say anything we don’t want to say. We don’t have to share details we don’t want to. Sometimes the shield is simply sitting beside someone without having to pretend we’re okay.  It is the wildest, bravest act of protecting the part of you who needs someone. The hero in this room is you.  Below is a list of resources — phone numbers, websites and places to begin — that are safe. They are lanterns flickering for you. If you’d like to know a bit more about what it might be like to reach out, I am a trained hotline specialist. You can read about what you might expect here. Whenever you are ready, these places are here for you. You do not have to know exactly what kind of help you need before reaching for it. Some of these organizations provide immediate, confidential support; others offer education, peer connection, longer-term resources, or help finding services near you. You are allowed to begin with the one that feels most possible.And — if what you need is help in sharing, this disclosure guide is yours. Free to download, print, and make yours. Disclosure Outline (Bound Documents)  Immediate helpIf you are in immediate physical danger, call 911.988 Suicide & Crisis LifelineFree, confidential support is available throughout the United States and its territories by calling or texting 988, or through online chat. A person does not have to be actively suicidal to contact 988; counselors also support people experiencing emotional distress, depression, loneliness, substance-use concerns, relationship crises, and other difficult moments. Spanish-language and Deaf or hard-of-hearing options are available. Sexual assault and sexual abuseRAINNRape, Abuse & Incest National NetworkRAINN provides free, confidential, 24-hour support for people affected by sexual violence, whether the abuse happened recently or many years ago. Trained specialists can offer emotional support, information, and referrals to local services.Call: 800-656-HOPE (4673)Text: HOPE to 64673Online chat: Available through RAINN’s National Sexual Assault Hotline.email: info.org or victimsupport.orgwebsite:  for men who have experienced sexual abuse or assault1in6 offers information, survivor resources, and confidential online support for men who have had unwanted or abusive sexual experiences. It also provides guidance for partners, family members, friends, and professionals supporting male survivors.Call: 800-656-HOPE (4673), through RAINNAnonymous online support:  – free, anonymous, text-based groups facilitated by a counselor; no audio or visual required SapreaResources for adult women who experienced childhood sexual abuseSaprea offers free, clinically informed resources for adult female survivors of childhood sexual abuse, including online educational materials, survivor-led support groups, healing webinars, and a four-day retreat program.website:  questions.orgImportant: Saprea is not a crisis hotline. For immediate sexual-assault support, use RAINN. Adult Survivors of Child AbusePeer support for adults who experienced childhood abuse or neglectASCA is an international self-help support program specifically created for adults who experienced childhood physical, sexual, or emotional abuse or neglect. It offers online and in-person meetings, educational materials, and a free Survivor to Thriver manual and workbook.ASCA is a peer-support and educational program, not a crisis or abuse-reporting service.Email: info.orgPhone: 415-937-1854Support Offered: online and in-person meetings, survivor resourcesImportant: ASCA does not provide crisis counseling or child-abuse reporting services.ChildhelpChildhelp operates a national hotline for questions and concerns involving child abuse and neglect. Counselors are available by call, text, or chat around the clock and can help current victims, concerned adults, families, and survivors locate appropriate resources.Website:  or text: 800-4-A-CHILD, or 800-422-4453Available 24/7 in more than 170 languages. Domestic violence and relationship abuseNational Domestic Violence HotlineThe National Domestic Violence Hotline provides free, confidential, 24-hour support, safety planning, information, and referrals for people experiencing domestic or intimate-partner abuse. Advocates can also support friends and family members who are concerned about someone they love.Website:  800-799-SAFE (7233)Text: START to 88788Online chat: Available through The Hotline.Live chat: available through the hotline website  24/7Internet activity can be monitored and may not be possible to erase completely. When searching for help could increase danger, consider using a safer device or calling the hotline instead. Mental health supportNAMINational Alliance on Mental IllnessNAMI provides mental-health education, peer and family programs, local affiliates, support groups, and help locating relevant resources. Its HelpLine can assist people living with mental-health conditions as well as family members and caregivers.Website:  800-950-NAMI (6264)Text: NAMI to 62640Hours: Monday through Friday, 10 a.m. to 10 p.m. Eastern.The NAMI HelpLine is an information and support service, not a crisis or suicide hotline. For immediate crisis support, contact 988.Depression and Bipolar Support Alliance, DBSADBSA provides peer-led support groups, education, wellness tools, and resources for people living with depression or bipolar disorder, as well as their families and caregivers. Both online and local in-person groups are available. DBSA is not a crisis line.Website:  (not a crisis line; general info. For crisis, use 988): 312-642-0049Support offered: online and local groups through DBSA’s support group directory Depression, suicidal thoughts, and crisis support988 Suicide & Crisis LifelineCall or text 988 at any hour for free, confidential, judgment-free support. People may contact 988 for suicidal thoughts, emotional distress, depression, loneliness, trauma, substance use, relationship difficulties, or simply because they need another person to stay with them through a difficult moment.Call: 988Text: Any message to 988Online chat: Available through the 988 Lifeline websiteAvailability: 24 hours a day, 7 days a weekSpanish by phone: Call 988 and press 2Spanish by text: Text AYUDA to 988Veterans Crisis Line: Call 988 and press 1, or text 838255TTY: Use a preferred relay service or dial 711, then 988Immediate physical danger: Call 911American Foundation for Suicide Prevention, AFSPAFSP offers education about suicide prevention, guidance for helping someone who may be struggling, resources for people affected by suicide loss, support after a suicide attempt, local chapters, and information for finding mental-health care. AFSP is a prevention and education organization rather than a crisis hotline.Website:  phone: 888-333-AFSP (2377)Email: development.orgMedia email: pr.orgMailing address: 199 Water Street, 11th Floor, New York, NY 10038Important: AFSP is an education and prevention organization, not a crisis hotline. For immediate support, call or text 988.This page is offered as a starting place, not as medical care, therapy, legal advice, or emergency intervention. Availability and services may change, and inclusion here does not mean every resource will be right for every person. In immediate danger, call 911. For emotional distress or thoughts of suicide, call or text 988.",,2026-07-24 16:12:44+00:00,Yes,Education,High
116975760592265122,"Salsa dancing reduced depression and anxiety in young adults, Oxford study finds",,2026-07-24 00:00:13+00:00,Yes,Education,Medium
116975389663454060,"Real-world outcomes of intranasal esketamine and intravenous ketamine induction therapy for treatment-resistant depression in a community clinic: a retrospective cohort study (Bellanti, et al, 2026) ""Induction therapy with intranasal esketamine and intravenous ketamine was associated with robust antidepressant effects in a community outpatient setting, consistent with prior trial data. “",,2026-07-24 14:19:56.394000+00:00,Yes,Education,Medium
116969459105357739,"The article discusses how childhood abuse that is justified by religious beliefs is associated with higher levels of anxiety, depression, stress, and anger in adulthood compared to secular abuse or no abuse. It highlights the potential mechanisms by which religious context can amplify harm and notes gender differences and study limitations. This topic is of interest to psychology readers because it examines how cultural and spiritual factors interact with trauma to shape long-term mental health, underscoring the importance of context in understanding psychological outcomes.Article Title: Religion-justified childhood abuse linked to higher adult anxiety and depressionLink to PsyPost Article:",,2026-07-23 13:11:42+00:00,Yes,Education,Medium
116964093047387936,"As I was going through very hard times, I wasn't thinking about improving my anxiety as ""trying to deal with it."" I was thinking about it as just trying to get through one day at a time. Trying to figure out something, anything, that would feel a tiny bit less awful. 1/2","Eventually, as I found things that did work to get the anxiety to subside and applied them more intentionally and more often, it became a bit easier to do more of the things that helped. And that made it a bit easier to do even more of the things that helped me build the life I want.It was still hard. But it did actually work.",2026-07-22 14:27:03+00:00,Yes,Social Status,Medium
116791696596486836,"Common Academic Challenges Students Face in Different Boards Struggling with syllabus pressure, exam stress, or concept clarity? Discover the most common academic challenges students face across CBSE, ICSE, IB and State Boards—and how to overcome them. Read here:",,2026-06-22 03:44:22.624000+00:00,Yes,Education,Low
116731404135364815,"NEET aspirants report anxiety, disrupted routines and loss of confidence after exam cancellation amid paper leak allegations",,2026-06-11 12:11:12.674000+00:00,Yes,Education,Medium
116596366432263338,"Exam Anxiety? Stay Calm, Focused & Perform Better with These 7 Powerful Exam Stress Tips.",,2026-05-18 15:49:20.851000+00:00,Yes,Education,Medium
116067325830542819,Kolkata Madhyamik student dies by suicide in Topsia; family cites Mathematics exam stress.,,2026-02-14 05:27:21.905000+00:00,Yes,Education,High
115094126727395596,"📚 Matric can be stressful for both students and parents, but small steps can make a big difference. 💙From managing revision stress to easing fears of disappointment, the right support can help your Grade 12 scholar stay motivated, focused and confident both during exams and as they prepare for life after school.👉 Read the full guide here:",,2025-08-26 08:30:02.075000+00:00,Yes,Education,Medium
114182661648759675,"How to Reduce Exam Stress | Stay Calm & FocusedFeeling anxious about exams? Discover proven ways to reduce stress, stay motivated, and perform your best. 🧘‍♂️📖   More:",,2025-03-18 09:12:28.694000+00:00,Yes,Education,Low
113066677517318617,"Exams can be a challenging time for teens, with stress levels often on the rise. As a parent, it’s important to guide them in managing this stress effectively. Our Teen Exam Toolbox is filled with practical tips to help your teen stay calm and focused during exams. 📝Visit our website for the full guide and help your teen navigate exam season with confidence!",,2024-09-02 07:03:02.244000+00:00,Yes,Education,Low
112203124544333082,"okay, so today I got done with my uni internal exams, and I kid you not, the feeling of taking a nap after the exams is just out of this world; when you can come back stress-free, and there is nothing to worry about, you can eat nicely and binge your fav show. Its the most peaceful thing in the world. Do you agree with me?",,2024-04-02 18:50:08+00:00,Yes,Education,Low
116873535155553280,"How to Help Your Child Balance School, Homework, and HobbiesToo much homework? No time for fun? Help your child achieve a healthy balance without stress. Read now:",,2026-07-06 14:36:59.933000+00:00,Yes,Education,Low
116664270492074274,"Ah, the tech industry's latest existential  🙄—AI Job Grief, because apparently, losing your job to a robot now warrants its own special term. Forget about the actual human suffering, let's focus on coining a catchy phrase instead 📈.",,2026-05-30 15:38:14.573000+00:00,Yes,Social Status,Medium
116664270183792640,AI Job Grief: The Unnamed Psychological Crisis Hitting Tech Workers,,2026-05-30 15:38:09.885000+00:00,Yes,Social Status,Medium
116402267076877261,"Research by Writer and Workplace Intelligence (2,400 office workers) revealed a global trend: 29% of employees (including 44% of Gen Z) deliberately sabotage AI implementation at companies due to  of  and  (FOBO - fear of becoming obsolete)Senior management perceives this resistance as a rebellion and responds harshly: 60% of executives are willing to fire AI opponents and 77% deny them  advancement opportunities",,2026-04-14 09:07:19+00:00,Yes,Social Status,Medium
116788376349025471,"Saccharine (2026)
Saccharine (2026)A medical student who is self-conscious about her body starts taking an unknown pill – a strange sort of capsule – to lose weight. This decision triggers an unexpected and terrifying side effect, unleashing a supernatural force that increasingly takes over her daily life.Yet another Australian film I didn’t like. Seriously!!! I think that within the first three-quarters of an hour, I already knew I was going to give this film a very low rating. My disappointment is all the greater given that the theme of eating disorders, within the context of a horror film, seemed quite innovative in the 2020s. The film does feature a few very beautiful shots, particularly of bodily fluids and the interior of bodies. Yes, unfortunately it’s reminiscent of The Substance (2024), which I hated. The film’s main flaw is that it’s a mix of Coralie Fargeat’s film and Grave (2016), which I didn’t like at all either. That’s saying something! Two female directors I can’t stand. As for Grave, it’s the carnal aspect centred on food that puts me off.The film might have been more successful if it had been cut by a good half an hour. As it stands, it’s rather repetitive and very boring. The storyline centred on the heroine’s family, which is very interesting, would have deserved more screen time. Two parents doing their best, but their best isn’t very high. Between the father, who struggles to do anything, and the mother, who goes overboard. In fact, she reminded me of my own worries. Those mothers who are always wanting to tidy and clean their children’s bedrooms without realising that they’re intruding on a private world they can’t possibly understand. We throw things away and clean up without realising that this mess might have had its own significance, symbolic or otherwise.We know that stories about weight will attract an audience, just as we know it’s just as easy to have a hit with a film about money. Like when people come into a fortune and decide to keep it to themselves without telling anyone else. So it’s the same with stories where someone finds a miracle solution for losing weight. These are indeed constant, permanent and eternal problems for people in our society. What a sad world!This film is, of course, rather despicable. The subject matter is repulsive, especially when you discover what’s in the so-called miracle pills. The atmosphere is as grim as you could wish for. The lead actress is truly unsettling, which does, however, demonstrate a certain talent.But there comes a point where it all gets completely ridiculous, and from that moment on, I gradually lost interest. It hadn’t really managed to hold my attention right from the start.At least this film doesn’t really make you fancy a bite to eat. That’s the cool thing about it if you’re watching it with the aim of losing a few kilos! Saccharine offers nothing particularly meaty or substantial to sink your teeth into.Forrest Gump says “Life is like a box of chocolates”, but not quite so for obese people. It’s glaringly obvious that this film lacks subtlety.We can add a third film that I hated to the list of what this film reminded me of. Indeed, Antiviral (2012) by Cronenberg Jr, Brandon, can round off my list of a quartet of despicable films to avoid. Except for the most twisted among us, of course. Fans of the macabre, gore and grim, sickening atmospheres can rush headlong into these films without hesitation.If the plot invokes the miracle weight-loss pill, the filmmaker would do well to find the formula for a successful pace, surprise and dramatic tension – essential ingredients for concocting genuine intellectual satisfaction. Natalie Erika James, an American, Australian and Japanese director, screenwriter and producer, is no doubt trying to show that she can shock and disgust even more than men, whilst thinking she’s doing a better job. But with slow service and bland food, it’s a definite NO!The trio of leading actresses do a fine job. Midori Francis, Madeleine Madden, and Danielle Macdonald are quite good, but Danielle Macdonald is excellent. I would have loved to see more of her in this film. All her scenes are the best in my opinion.Somewhere between body horror and a ghost film, Saccharine, Natalie Erika James’s third feature film, suffers from a thematic overload, tackling themes such as the cult of thinness, eating disorders and female desire. The sweetness is there, as are the intentions, but it doesn’t quite hit the spot. ⭐Rating: 1 out of 5.",,2026-06-21 13:39:59+00:00,Yes,Education,High
116783906331370711,"Bob's Burgers making me cry because I wish my parents had been as gentle and understanding as Bob and Linda are (ultimately, after the episode drama resolves, and Linda figures out HEY I DON'T NEED TO PROJECT MY BODY INSECURITY AND MY MOTHER'S JUDGEMENT AND SHAME ONTO MY OWN DAUGHTER).
That would have been so nice. Instead of what I got. Being accused of choosing a SLUTTY HAIRCUT. -image -shaming   -trauma 's-burgers",,2026-06-20 18:43:11.271000+00:00,Yes,Social Status,Medium
116766107576115873,"The article reports a study that identifies three distinct psychological profiles among youths seeking care for gender dysphoria, ranging from low to high psychological distress, based on factors such as mental health, trauma, and social support. The findings suggest that tailored approaches are needed rather than a one-size-fits-all treatment strategy.This piece is of interest to psychology readers because it demonstrates how multiple psychological dimensions can cluster within a specific clinical population, highlighting the importance of nuanced assessment and individualized care in understanding mental health outcomes.Article Title: New study identifies distinct psychological profiles among youths with gender dysphoriaLink to PsyPost Article:",,2026-06-17 15:16:44+00:00,Yes,Education,Medium
116917618008927627,"Marriage: Does it Really Fix Loneliness & Identity Issues?Many people assume marriage will solve loneliness, insecurity, or identity issues. This often stems from social constructs and personal self-esteem, leading individuals to seek a partner to 'complete' them rather than complement them.🎧 Tune in now to hear the full conversation!  don't forget to pick up our next book club read for July: Dream Count).",,2026-07-14 09:27:50.894000+00:00,Yes,Appearance,Low
116905438888288747,"THE MAN WHO SHOWED UPFor 65 years, I thought I had  at everything.Then  arrived, and I started fasting. I did not have much  in myself, so I took it one day at a time.The fear of  drove me.So did the huge .So did the almost complete absence of .None of this was noble at all.I was , , and tired of feeling  in a body I could not trust.But I kept going.Day after day.The results began to show, little by little.The body became lighter.Walking became easier.I began to feel less helpless.Eventually, I was walking up to ten kilometres a day.Then, about eighteen months ago, I was scrolling , and who should appear but .I started training in his hypoxic breathwork.I already knew , and it encouraged me as I tried to  what I was doing and what was happening in my .I loved the breathwork.Absolutely loved it.So I went at it like a professional.I never skipped a .Not because I had suddenly become  and .Because something had changed.Fasting has shown me that I can keep a promise to myself.Walking has shown me that the body can change.Breathwork has shown me that the mind can actually become .I had spent years believing I was , , and  of changing anything.But the evidence was now sitting right in front of me.I had not  at everything.I had simply never  to trust myself.Now I do.Not through  thinking.Through repetition.Through breath.By  up again the next day.I did not become another .I became someone I could rely on.",,2026-07-12 05:50:31+00:00,Yes,Social Status,Medium
116759931944548064,"Success?
The word for the day at Ragtag Daily Prompt is successI don’t “hate” a lot of things in life. I did when I was younger until I eventually reached a point where I realized it took a lot of energy to hate. But “success” is a word I hate.I used to have a friend (RIP 11 years now☹️) who would judge everyone and everything. We would sit and be miserable together and he’d say stuff like, “He’s had a lot of girlfriends, he’s really a success”, or “He’s really successful, he has a good job and a lot of money.” You get the idea. And of course the underlying idea behind everything is that he and I, by virtue of our not having the things that he defined as “success” in life, like girlfriends, or glamorous careers, or fancy cars, or big houses, or lots of children, were failures.Worse, for me, was that his standards of success and failure, they all flew in the face of my hard-earned (and expensive) belief that we don’t judge our insides with other people’s outsides. And as it turned out, hard-earned doesn’t always mean easily kept so there I was crying in my pizza along with him, failure that I was.Ok, I don’t totally hate the word success because it has some legitimate uses, but I hate using the word “success” to define a person’s place in life, or in contrast, to indirectly label, or imply, someone a failure. And I’m pretty much back to not judging my insides with other people’s outsides.Kiss a little baby, give the world a smileAnd if you take an inch, give ’em back a mile‘Cause if you lie like a rug and you don’t give a damnYou’re never gonna be as happy as a clam",,2026-06-16 13:06:12+00:00,Yes,Education,Medium
116642168762070591,"i'm feeling quite inferior and just... bad, as a person, right now. like often. i feel like everyone is better than me at everything and that i'm not good for people. and i fear that it's only a matter of time before the people who think they love me realize what and who i really am.i feel unlovable and replaceable. like everyone who is in my life would have a better life if i wasn't in it. like i ruin everything that i touch.it's nothing new, it's always been there... but it never ever gets easier. if anything, the more people love me, the worse i seem to get. you would think that exposure therapy to love and care would work on self-hate, y'know? but it doesn't seem to with me. call it an ""inferiority complex"", i guess.  :neobun_sob:",,2026-05-26 17:57:28+00:00,Yes,Social Status,Medium
116743221732359789,"The article reports on a study linking perceived unattractiveness during adolescence to higher mortality risk by young adulthood, with the effect evident for females but not for males. It discusses possible evolutionary and social mechanisms, including health signaling and social treatment differences, and notes limitations and the need for caution in interpretation. The topic is of interest to psychology enthusiasts because it highlights how social perceptions of appearance can intersect with health outcomes, stress, and gender differences, illustrating the complex ways social cognition influences real-life trajectories.Article Title: Being seen as unattractive as a teen is linked to an earlier death for women, but not for menLink to PsyPost Article:",,2026-06-13 14:16:34+00:00,Yes,Education,Low
115936678458698914,LookismCh 74/500+It looks the girl version isn't the direction they want to go here. I still think she's a really interesting character. But apparently they really want to go the long way to make Park Hyung Suk into someone who isn't ... traumatized?He's been so good lately we focus on other char. But look like he's about to get money hungry and lose himself I guess? Bully/Bullied theme is very consistent here.,,2026-01-22 03:42:01.216000+00:00,Yes,Social Status,Medium
113505964641250048,"""‘Lookism’ is alive and well and getting worse …"" so many workplace generalizations, what is true for men is not necessarily true for women. Not only do women perceived as unattractive encounter workplace disadvantages, but attractive women do as well.""and""Women were criticized when their makeup was not 'right.' Essentially, they were expected to wear makeup without looking like they were wearing makeup.""",,2024-11-18 20:59:30+00:00,Yes,Social Status,Low
113284812325276095,"I watched the first episode of Lookism and, aside from the anxiety over all this emphasis on appearance and the discomfort over bullying, I wasn't very impressed.",,2024-10-10 19:37:35.084000+00:00,Yes,Appearance,Medium
116941110119281861,"'Social media … is “one of the least influential factors” in teen depression and anxiety; girls who are already depressed go on to use social media more, not the other way around, she says. … “I’m not saying that cybervictimisation is not harmful, but if we only focus on that, we’re missing a huge part of the picture. The most likely place for children to be harmed is in their home, in schools, in their communities, by people they trust.”'",,2026-07-18 13:00:08+00:00,Yes,Education,Medium
116913199449142100,"A new ‘Carrie’ coming — because bullying is still relevant
Photo by La Fabbrica Dei Sogni on UnsplashIt was over 10 years ago that the 2013 “Carrie” remake was the talk of the town.Before I saw it, I blogged about it, along with the other “Carrie” movies:  October we have “Carrie” returning in an Amazon Prime mini-series. I can’t wait! The novel by “Carrie” by Stephen King, back in 1974, was absolutely brilliant. It’s the story of about a shy, awkward high school student abused by both her Christian fundamentalist mother and school bullies. Then along came all the movies — and even a musical which I didn’t see but I keep meaning to see if I could find something on YouTube. When the developer Mike Flannagan was asked why yet another “Carrie,” he spoke about how bullying is still relevant today.Yes, over 50 years later, we have not evolved. Kids still bully each other.In the foreword to my book, “I Don’t Want to Be Like You” — which you can order directly through my publisher (Higher Ground) —  I speak about how I feel bullying is even worse today than when I was bullied in the 1970s. ( share that bullying is worse nowadays because on the online and social media experience. In the 1970s we had refuge, being able to temporarily shut it off. Being safe in our homes, in our rooms, listening to records, we can dream of a better life once we graduated. We would never see the bullies again.A side note, a little plug for my antibullying YouTube channel because over the weekend someone said that they liked it. I haven’t updated in ages, but here it is:  now, back to Carrie….Carrie’s telekinetic powers of destroying the entire school can be a metaphor for that. I like to believe that Carrie’s death is also a metaphor that the old Carrie who was bullied is no longer alive. She’s now the beautiful confident Carrie. It was all a bad dream. Yes, she was the prom queen and she lived happily ever after with Tommy Ross. That could be the positive ending that those being bullied need to see, because shy awkward people can have their happy ending. But even though Carrie’s ending wasn’t a good one, it still sent a strong message that you reep what you sow. Bullies may not die, but their anger will definitely eat them alive, which is just the same as being dead. The ending was a lose/lose for everyone but the bullies definitely did not win. It’s not exactly a movie of justice, but it’s still a lesson.",,2026-07-13 14:43:56+00:00,Yes,Education,High
