post_id,caption,timestamp,mental_health,category,severity
BSKY_001,telling your therapist things that make you look good instead of things that are true is a common mistake. disclosure nearly failed a semester of college cause I kept telling my psych everything s going great! when it was not,,Yes,Education,Medium
BSKY_002,"when I drew this I had given up studying calculus to draw it, today my grades came out, I failed and will have to do another semester... worth it tbh nsfw",,Yes,Education,Medium
BSKY_003,you're lh i was overwhelmed with school starting in 7th grade which was my covid year . i failed a good lot of classes my senior year of high school but did graduate. then in college everything fell apart i failed over half my classes and dropped out my second semester.,,Yes,Education,Medium
BSKY_004,Woke up to an email from my university saying I failed a class last semester which I was like No I got a B? My professor gave me a B? I just called and asked about it and the person on the phone was like there s a discrepancy but the academic advisement team isn t back until Monday to discuss,,Yes,Education,Medium
BSKY_005,"Way more students failed my class last semester than have done so historically, even when I tried to write easy exam questions. They just didn't have any practice during the semester, because they had AI do their homework, so they struggled in the in person exams.",,Yes,Education,Medium
BSKY_006,Also like I took this writing class. I refused to use ai to write my papers so I just straight up had writers block the entire semester and wrote a total of like no words at all and totally failed the class with a 0 two times. Am I proud? No. Am I proud that I didn t resort to AI? Yeah.,,Yes,Education,Medium
BSKY_007,absolutely failed my college classes one semester because i was addicted to link between worlds gamer,,Yes,Education,Medium
BSKY_008,I was planning on going back to school for fall semester but my decision paralysis may have fucked that. the only embarrassing thing about that is I have to tell everyone I failed,,Yes,Education,Medium
BSKY_009,"I completely understand, I failed a semester due to mental health. It was a lot of hard work but I eventually got back up on my feet. I know you can too",,Yes,Education,Medium
BSKY_010,"The number of times I saw students who had failed multiple classes in the first semester, come back from Christmas break talking about their new PS5 and all the clothes and other shit they got for the holidays always blew my mind.",,Yes,Education,Medium
BSKY_011,Hey so I failed my semester and now I need to pay my own tuition fee. Any help counts!,,Yes,Education,Medium
BSKY_012,"This semester for me was disastrous! LOL I SWORE I failed like two thirds of the exams for my classes and I have no idea how I stumbled across the end of this semester with two C's, a B, and a B lol Listen, whatever works. You did the thing!",,Yes,Education,Medium
BSKY_013,"I liked the reading in HS, hated the lessons and classes. I even failed a semester. Years later, however, I was among the editors of the lit textbook program used by my HS, a project I was placed on after the Adventures program was cancelled.",,Yes,Education,Medium
BSKY_014,"So I teach a remedial English communication course for students who failed last semester. One of them is a student who had failed my class. Still, he is miles more conversational than the others and I do take some pride that I likely contributed a bit to that.",,Yes,Education,Medium
BSKY_015,"I had a professor that I really liked. I'd defend her in front of other students that said that she was very strict and stuff. Last course in the semester, I had all my credits for graduation done, I failed her class because it was too much work for nothing. She said I was irresponsible",,Yes,Education,Medium
BSKY_016,"last semester i walked into my 19th century english lit exam, i needed to know WHEN WHERE specific place like a library or garden or whatever the fuck AND HOW AND WHO wrote a certain piece by getting a little excerpt we read over 100 texts in that class .. lets just say i failed that exam",,Yes,Education,Medium
BSKY_017,My GPA last term was 3.56 wtf??? And I bet it's gonna be even lower this term bc of my fuckass writing and research prof and bc I failed calc I wish I picked a different prof for writing and research bc genuinely what in the religious psychosis is going on with her,,Yes,Education,Medium
BSKY_018,"...and in education hold 90 minute meetings that take us away from teaching, grading, and our students, and then undercut us. Livid this morning because I learned that my admin plans to give a student an exam and will likely pass him after I failed him for doing NOTHING all semester.",,Yes,Education,Medium
BSKY_019,"My wife once again failed her weekly Steely Dan quiz. This time, she confused Your Gold Teeth with Your Gold Teeth 2. They're not even in the same time signature! At this rate, I do not have high hopes for her end of semester timed essay on Glamour Profession",,Yes,Education,Medium
BSKY_020,emailed asking if i can take a semester break in my masters program so naturally i'm telling myself i suck and failed,,Yes,Education,Medium
BSKY_021,"When I did my degree 1976 to 1979 about two thirds of us with government school backgrounds passed and about two thirds with private school backgrounds failed, mostly in the first semester. The same happens today, private school students don't have enough resilience.",,Yes,Education,Medium
BSKY_022,i kinda failed more than half my classes this semester,,Yes,Education,Medium
BSKY_023,I was a lecturer at Harvard for six years and failed every single student in my classes every semester and they STILL fired me!,,Yes,Education,Medium
BSKY_024,"I survived the final day of the semester Absolutely failed one of my finals but it was a shitty class taught by a shithead who didn't actually teach anything Pretty sure everybody else failed it too, based on how people are talking about it",,Yes,Education,Medium
BSKY_025,"My friend and I made the observation that three years of intensive essay writing at GCSE and A Level had failed to make us good essay writers, but a single relaxed semester of university permanently fixed our writing",,Yes,Education,Medium
BSKY_026,"yep, this one time I broke my pinky on my leg and I couldn't walk for 4 weeks and barely could walk for 2 weeks... during my first semester... I was so behind I failed, then moved to a better uni where I study coding instead of electrical engineering, sometimes these things happen to help you!",,Yes,Education,High
BSKY_027,"My pre calc teacher advised me to drop the class, as I failed every assignment during the first week and had all ready taken the four math classes needed to get into a college program. I did so and spent my last semester of high school taking Drawing 3 4 and Photography 1 2",,Yes,Education,Medium
BSKY_028,so i just got in huge ass argument with my parents because i may have failed a class or two this past semester. so just fuck me i guess,,Yes,Education,Medium
BSKY_029,Gonna fail my thesis part of it was very bad suicidal depression and anxiety made worse cause the college woudnt make it so a class I took change for another that is on the program only for them to do it after 1 3 4 of a semester when I already failed,,Yes,Education,High
BSKY_030,Asking my professor to take an incomplete grade and then finish this course next semester so I don t fail what if I kms I ve never failed a class in my life if he says no I lose my scholarship,,Yes,Education,Medium
BSKY_031,"This feed is going to be my live thoughts out into the world! That is, mostly nonsense, self hatred, and shame. Related I'm pretty sure I have once again failed a semester of college for the simple reason that I did not exist for about 3 critical weeks. I've one last week to try and fix this!",,Yes,Education,Medium
BSKY_032,"By the time I realized that I had spiraled into a state of psychological numbness after going off my meds, I had already started to tank in school, and at the end of the semester I had failed two classes. This ultimately led to me having to take an extra year and graduate a year later. 3 4",,Yes,Education,Medium
BSKY_033,TFW two hours after the exam you realize you failed to spot an obvious issue. God that went poorly. On the other hand I felt the same way about my property exam last semester and got an A ?? So maybe it really is not about how the exam feels but about the curve.,,Yes,Education,Medium
BSKY_034,"Well... I havent posted in this one before... But my partner just failed his graduation project, so he has to pay 1400 to enroll a whole new semester to resubmit the same damn thing to get his degree. We do not have 1400. He's worked so fucking hard. cash.app wingisaway",,Yes,Education,Medium
BSKY_036,This is my last week this semester before finals and I m fucking exhausted How is this both my best and worst semester this far Like I actually like all my classes BUT ONE and I failed that one and have to retake it because I guess my art sucks,,Yes,Education,Medium
BSKY_037,"Had Sex Yes Had BF GF Yes Had Alcohol Yes Gone to the club I don't think any of my technicalities count Gotten detention I don't think so. Cheated on a test It's complicated. Failed a class For a semester, but not for a whole year. Smoked vaped Not nicotine. Snuck out of the house Yep",,Yes,Education,Medium
BSKY_038,"I am taking statistics on studypug over the summer so that I am prepared to take statistics in college in the fall semester. I wish I knew about this earlier. I failed my pre Calculus class because I wasn't prepared for it, I haven't done math in decades and remembered nothing from highschool.",,Yes,Education,Medium
BSKY_039,"At the end of every semester, students from my local art college scrap their failed projects. Then I raid the trash bins and put together an art book with that semester's refuse. He's a page from last semester's book, Hit the Bricks , 2025",,Yes,Education,Medium
BSKY_040,how on earth did i get a university of minnesota a school i attended for like one semester and failed out of and also had all my personal data stolen from email at my WORK email???,,Yes,Education,Medium
BSKY_041,"I remember during my first year of college i was so worried about my grade i would often stress myself out for nothing. In the end i started relaxing more about it and ironically i never failed a semester, was i the best student? No, but i still got my degree",,Yes,Education,Medium
BSKY_042,"is directly provable over and over again, and I have ALWAYS failed online classes because they are more strict on homework deadlines. And yet some online classes are REQUIRED for my degree. With all this evidence that I just need more time to complete the class than a typical semester...",,Yes,Education,Medium
BSKY_043,1. Going back to online college after a failed first attempt after I graduated high school. 2. My LC Instagram account reaching 4k. 3. Will be making through this semester around May 14th.,,Yes,Education,Medium
BSKY_044,"i failed my science exam , that was my last chance at ending the semester over a D",,Yes,Education,Medium
BSKY_046,I spent 2 nights staying here in fall 1987 with a former college friend who had transferred here. I had flown out to try to make amends with an ex girlfriend. I failed. I guess Hampshire College is caught up in my memories of that bittersweet trip to eastern Mass.,,Yes,Education,Medium
BSKY_047,"I knew how to use Excel and shit, but I holy shit did I have zero tolerance for that class and I damn near almost failed it. Thankfully I somehow managed to find my focus patience at the end of the semester my instructor allowed me to basically redo everything for full credit.",,Yes,Education,Medium
BSKY_048,My nightmares are usually that I ve enrolled in a course usually some type of math or science and failed to attend the entire semester usually because I forgot I was enrolled and then having to write the final exam. I m glad my 14 year old working fast food nightmares seem to have gone.,,Yes,Education,Medium
BSKY_049,Twas there as well. Failed my Con Law class bc of it! The professor laughed when I said oh fantastic I wanted a class w you again next semester anyway!,,Yes,Education,Medium
BSKY_050,That's how I feel!! Thinking back on my life how much easier a lot of things would of been if I could visualize in my brain. I bet I wouldn't of failed that semester of geometry 40yrs ago,,Yes,Education,Medium
BSKY_051,"it's just that i forget. i failed so badly that this is all there is to remind me oh, right through no fault of my own i was given a superb education. i studied poetry with four nobel laureates, all now dead. i was handed this. do i wish i made more than 3k semester? my god, i'd do it for free.",,Yes,Education,Medium
BSKY_052,"Goddamn we need a hard reset on this failed operating system. We are experiencing the blue screen of death here. Total system corruption and failure. Time for a new build. And my report, that I had a whole semester to do but I never started, is due tomorrow. Fuck!",,Yes,Education,Medium
BSKY_053,I have ones were I need to repeat subjects that I d failed in undergrad and it s my last semester,,Yes,Education,Medium
BSKY_054,"To give a brief run down of my problem last semester I took the sanlme claas and failed it. I only did up to that weeks reading, any disruption set me back and piled up, I also avoided reading the issues textbook in favour of online class materials. Which felt like fun minigames.",,Yes,Education,Medium
BSKY_055,Your question is the same as mine as I leave my career online teaching of basic writing having failed 14 14 last semester for consistently turning in work not their own.,,Yes,Education,Medium
BSKY_056,"brooo so real but they dont let you do a indv group ? for me only if the teacher allows it i tried to tank all my courses once but i failed terribly lmao having to meet new ppl in each course, every semester, ow, its like a gamble, and getting good or bad partners, it becomes veryyy tiring 1 3",,Yes,Education,Medium
BSKY_057,I m so jelly when I lived in japan I was in a shitty apt with paper thin walls. I thought I would eventually adapt but instead I slept in enough times that I missed my morning classes and failed my second semester lol,,Yes,Education,Medium
BSKY_059,"I failed one class last semester so Im retaking my masters level marketing class its online In person Im doing 2D art design, contemporary art appreciation and intro to psychology today s class I should be finishing my bachelor s in business management this semester.",,Yes,Education,Medium
BSKY_060,"I can't wait to be done with college LMAO The next semester could potentially be my last, provided I haven't failed anything in this semester lol",,Yes,Education,Medium
BSKY_061,I sometimes still get anxious about the semester I failed in college after my mom died. It's been 20 years. Memory and emotions are so weird.,,Yes,Education,Medium
BSKY_062,"For the past few weeks, I've had serious dips in my self confidence. If I'm good enough to be where I am, to have what I have. I failed my first semester of math in college pretty badly and it made me doubt whether I was supposed to be here. Today I got my first exam back and passed.",,Yes,Education,Medium
BSKY_063,I failed my English class and dropped below enough credit hours for the semester for my FAFSA. Just gotta stop trying atp.,,Yes,Education,Medium
BSKY_064,I had never failed a class in my life until Algebra II. Those fuckass letters showed up like an outside baby and ruined my damn semester.,,Yes,Education,Medium
BSKY_065,I have been a teacher for half my life at this point. I would love to stop having the dream where I failed to attend class all semester now please.,,Yes,Education,Medium
BSKY_066,remembering my first semester at uni i failed almost all of my classes because i kept getting wildly sick for over half of the semester w ' likely cause was me growing up in the countryside then being in a uni city with as many people on a campus as there were people spread out in my tiny ass town,,Yes,Education,Medium
BSKY_067,At this stage the consuls might be more here's my data than much else. I haven't finalised the dataset yet... had hoped to have it done by the start of semester but failed on that front I have a draft set that it turns out needs further verification with other sources only a few nations to go!,,Yes,Education,Medium
BSKY_068,"just got the grade for one of my last two exams in my last semester of uni... i actually had a pretty good feeling but turns out i barely got 50 and just passed. i was so close to it being joever... if i would have failed, i'd have to do one more year of uni",,Yes,Education,Medium
BSKY_069,"I still regularly have those dreams, had one just last night! The weird part is that I have partial lucidity in them, they're always about me having missed a class all semester because I didn't know my timetable, but then I think Why am I even worried about getting failed, I have a degree.",,Yes,Education,Medium
BSKY_071,"Yikes, I finally got all my uni exams done, and wow, I failed all my courses . I'll somehow need the make the professor give me two extra points on this one exam, otherwise, uni's over for me P. Even if I pass, I'd need to pass next semester without failing anything. This will be hard... .",,Yes,Education,Medium
BSKY_072,"So much this. I never had to study all through high school. I never learned how to study. I was able to get through the first year of college like this, but it went spectacularly downhill after that. I failed out. My last semester was F, F, F and an F incomplete...",,Yes,Education,Medium
BSKY_073,Can I get students to read... something?? In which I may be setting myself up for scheduling hell at the end of the semester and or a failed experiment in new ways to engage with my students... open.substack.com pub thinking...,,Yes,Education,Medium
BSKY_074,"im scared, today is the first day of semester 2... i dont remember anything from my three years of guitar class this will be my fourth one , i failed one english class out of two need both to graduate , i need to get my learners driving license, and im going into workplace",,Yes,Education,Medium
BSKY_075,"i also was part of student council one year, i did PSEO for a semester but failed and switched back to high school , and graduated with a 3.3 even after tanking my grades as an upperclassman. thing is, i didnt give a shit about any of those achievements. i was mostly in it to get out of my house",,Yes,Education,Medium
BSKY_076,"True story. Failed second semester. I had not figured out how to study for it or that I had ADHD. Took it again. Told my professor the first week of class that I would be earning an A that time and that when I did, he d be writing me a letter of recommendation for med school. I did. He agreed.",,Yes,Education,Medium
BSKY_077,"Jokes about anal aside, analytic geometry nearly did my bean in. The semester I took it, I had a wee small child that got very ill with pneumonia and my focus was there. I ended up retaking it not because I failed, but because I retained NOTHING despite passing.",,Yes,Education,Medium
BSKY_078,"Btw forgot to say that last week, I failed college not even finish my First Year Semester. So I am officially as a unemployment",,Yes,Education,Medium
BSKY_079,"And... I just failed my first student of the semester. The worst part? She probably has the best English in her class. There's this assignment they need to do. It's very easy to get 100 . However, if they complete less than 60 of it, they automatically fail the class, no possible appeal it's a",,Yes,Education,Medium
BSKY_080,"I teach computer science, and students starting programs at my department last semester have failed programming courses at a new, alarmingly high rate. I don t know if using AI is the explanation, but it s the only suggestion I have. It goes across programs with different profiles.",,Yes,Education,Medium
BSKY_081,didnt even realize how bullshit this was til now signed up for a class next semester that had previous class i took as a prerequisite but apparently i dont meet that prereq requirements because i failed the class??????? motherFFFFUCKER i still took the class though??? give me my goddamn class???,,Yes,Education,Medium
BSKY_082,"My licensing exam was over 2 days, 4hrs each day. Ironically, the only course I failed ethics and nsg concepts is the course I had when I was teaching. started off each semester showing my old transcripts to help break the ice",,Yes,Education,Medium
BSKY_083,"the first week of the semester has devoured my soul and yet somehow i still succeeded in getting absolutely nothing done! anyway here's an irritable xueba glaring at his younger brother shou curse. yes they are both 30 and still in high school, idk failed the gaokao a few times i guess theon1yone",,Yes,Education,Medium
BSKY_084,I almost failed my final semester of college cause of silksong lmao,,Yes,Education,Medium
BSKY_085,just found out i passed one of my classes i thought i failed... like legit i should not have passed i stopped going like a third into the semester i know that's a bad idea but i was dumb bro gave me an A for no reason and i was about to retake it too,,Yes,Education,Medium
BSKY_086,"I am anti James Cameron's Avatar which, I saw that that is the proper tag on porn galleries, fun fact ever since 2009 2010 when I failed my first class ever in high school because my stupid ass physics teacher spent an entire semester talking about it, instead of teaching.",,Yes,Education,Medium
BSKY_087,"I have to gush about my students real quick. Although some people failed their chem tests, everyone did such good work on their lab reports that no one in my final year chem course has to fail chemistry this semester. This includes a student who was struggling with dyslexia for 2 years...",,Yes,Education,Medium
BSKY_088,"I failed all my classes first semester and second Freshman year, including History of Rock n Roll.",,Yes,Education,Medium
BSKY_089,Will reflect about it later I tell the story as the semester I failed orgo not the summer both of my parents were diagnosed with cancer and had surgeries orrr the semester I worried about being orphaned and still managed to pass 3 of 4 classes,,Yes,Education,Medium
BSKY_090,I failed my whole second semester my freshman year in college. I was a Biology major at the time.,,Yes,Education,Medium
BSKY_091,had like my 5th meeting about services not being implemented meanwhile the semester ended while i was waiting for services to be implemented and i was failed for a class while i was waiting for responses to my emails and the director of whatever is saying but he didn t violate the syllabus,,Yes,Education,Medium
BSKY_092,"Hybrid is going swell for teaching, had two arrangements back to back in two different rooms, both failed in individual ways. Ended up running the lectures through my laptop s headset instead of in room equipment. Seems IT is having a !FUN! start into the semester. I hear that the issues in",,Yes,Education,Medium
BSKY_093,Mine isn't project related. I failed my first math midterm last semester and I really wanted to drop the class. My wife convinced me to stick with it cause I could still pass. So I did. I got a C in the class overall and I am really proud of myself for not quitting when things got hard.,,Yes,Education,Medium
BSKY_094,Every time I get my law school grades Whelp. Haven t failed out yet. Guess I can give it another semester.,,Yes,Education,Medium
BSKY_095,bruh my dad stressed me tf out yesterday by making me compute my potential gpa for the semester to the point i had a nightmare i failed one of my classes and had to retake it. wtf,,Yes,Education,Medium
BSKY_096,"Same here, Tom. I left at 62. One admin said to me proudly that the students in my grad course didn t even have to meet me. To your last point, I taught that graduate course for almost ten years and no one failed until it was placed online, then we had drops, no shows, and failures every semester.",,Yes,Education,Medium
BSKY_097,"I have a few other ones from my final semester as failed instead with big fat goose eggs wrecking my GPA after several semesters of being on the motherfucking Dean's List. Will there even be room to explain this shit when I try to get into law school? This is so fucked. Ugh, makes me mad.",,Yes,Education,Medium
BSKY_098,"Musk, the 'tech genius' who can't build a crystal radio set from a hobby store like Realistic and has failed his US amateur radio exams five times? Yeah, I failed twice too, I was a teenager. Now, I have a ham licence and have for over half my life. Musk wouldn't know how to wire up a car battery",,Yes,Education,Medium
BSKY_099,"i put an ave mujica quote in my masters thesis 65 at a moderately prestigious uni on nonlinear dispersive equations, why is nobody glazing me like they glaze yu deng... i then spent all of easter term having successive anxiety attacks and failed all six exams P",,Yes,Education,High
BSKY_101,I cut my parents off to protect myself and my children. Therapy helped me work through decades of abuse and neglect,,Yes,Social Status,High
BSKY_102,"There are plenty of good and valid reasons for the whole single party consent thing, but it's also extremely easy to abuse. It was useful to me when my first boyfriend's abusive far right parents were slandering me. I've seen people use it to expose their landlords doing illegal shit.",,Yes,Social Status,High
BSKY_103,Getting told how hard it was for them to take me to surgeries. How much of a burden it was is to feed me. You are my parents. Like what the actual fuck? I do not know what its like to have a parent that cares. I know what its like to have someone yell at me when I call them out for abuse.,,Yes,Social Status,High
BSKY_104,"But, since the shit in December, I just couldn't get myself to actually talk about much with my parents like that. Why bother? I learned that my parents will just close rank the moment either of them abuse me rather than actually doing any kind of meaningful accountability effort.",,Yes,Social Status,High
BSKY_105,"I had symptoms of cPTSD in elementary school because of anti effeminate abuse I'd get both at home and at school from my older sister. Said symptoms of cPTSD were then used as justification to abuse me further by teachers, parents, healthcare professionals, etc.",,Yes,Social Status,High
BSKY_106,"I didnt realize how bad the abuse was until I left and didn't have to constantly contend with the daily anxiety anymore. But life is rough because my parents never really taught me how to be a person. I dont know what youre supposed to do at parties, and i dont really know how to celebrate holidays",,Yes,Social Status,High
BSKY_107,Tw Abuse I lived in a super abusive enviornment from when I was born until I was 27. My parents didn't prepare me for adulthood or really teach me how to live as a human in general. At 27 I moved in with a stranger I'd met online less than a year before. I dont promote people doing this.,,Yes,Social Status,High
BSKY_108,My parents did love me. I'm sorry you were raised by child abusers. I'm here for you if there is anything I can do to help you recover from their abuse.,,Yes,Social Status,High
BSKY_109,"Y'all, my parents spent years telling me It's okay if you're gay, we'll love you if you're gay. So, yeah, to say the very least I endured a shitload of homophobic abuse as a kid.",,Yes,Social Status,High
BSKY_111,a parents job is to love a support the child they help create not beat them yes I was a victim of parent abuse my dad used to beat me until I got the guts to run away so if anyone is dealing with similar things you can talk to me I love you all,,Yes,Social Status,High
BSKY_112,I should have said to my parents growing up after spending all their money on designer clothing and asking for more after they went broke never did i do this but for pretend im calling CPS because this is abuse and you want me to go to school naked We live in idiocracy,,Yes,Social Status,High
BSKY_113,"Oh absolutely, years of abuse are excusable because you're mean too, and also I did the best I could, and also you should be thankful I don't beat you like my parents did to me",,Yes,Social Status,High
BSKY_114,"My parents only knew how to raise normal kids so because I was more emotional I got more abuse less understanding. It made me shy around people in the real world, closer to animals I was already close w . I have real big problems w authority forming good bonds with others as an adult.",,Yes,Social Status,High
BSKY_115,"i'm on the autism spectrum as well, i have not had your level of abuse, but i have had my moments where i feel like my parents just do not understand me, i had such a case recently. dad lecturing me about gaming too much and how it's ''worsening my autism'' and that i'll grow out of my autism",,Yes,Social Status,High
BSKY_116,"heroin that i don't think actually exists in the us anymore because of fentanyl being so cheap and readily available the drugs i preferred to abuse are gone alcohol was never tempting or fun for me because both my parents were alcoholics my mom drank wine and my dad liked harder stuff, jack",,Yes,Social Status,High
BSKY_117,not even neglect just emotional abuse. sometimes i hear my parents voices in complete slience and get scared. i can't do anything or feel anything good without having them in my head keeping me in a fear state actually.,,Yes,Social Status,High
BSKY_118,that partner after hear my story and seeing the receipts from the abuse clearly doesn t care as much about me as he does trying to please my parents.,,Yes,Social Status,High
BSKY_119,"You know how lucky I feel my parents just yelled at me and beat me? At least they weren't weirdos about their abuse, they kept it within the cultural norm. You know, clean your room, turn the music down, don't start fires, don't blow all the fuses in the apartment by shorting outlets, normal shit.",,Yes,Social Status,High
BSKY_120,"yeah, its only been in the last year or so that i realized all the shit my parents did to me was abuse and not just poor parenting",,Yes,Social Status,High
BSKY_121,I dealt with various forms abuse and neglect from my dad and mom in my early life that put me in survival mode almost immediately after I became cognizant. I learned very early on that I couldn t ever fully trust my parents. Every attempt to reconcile with either of them as an adult fails.,,Yes,Social Status,High
BSKY_122,"It was Se7en, when I was 16. My parents relentlessly sheltered me from everything except actual abuse. Some lovely friends of theirs took my sister and I because we were both teenagers that could drive and when they asked if we wanted to go, we said yes. Never saw them again. Still love them.",,Yes,Social Status,High
BSKY_123,"I hear adoptees tell horrific stories but then say but I know my adoptive parents loved me. But abuse is not love, neglecting your adopted child s needs is not love, lying to a child or not caring about their identity and family history is not love. abuseisnotlove",,Yes,Social Status,High
BSKY_124,"Once a shelter tried to force me to not only separate, but leave my caretaker to rot in almost freezing temps they only had one bed available . We had no working car. I wouldn t do it. And we begged their abusive step parents for help never again we were both subjected to abuse .",,Yes,Social Status,High
BSKY_125,My mom had substance abuse problems my dad got custody of me w the help of her parents. My half sister went to her parents because my dad hadn t adopted her yet. My mom was institutionalized for depression they gave her a hysterectomy against her permission w her parents ok. All in the 70s,,Yes,Social Status,High
BSKY_126,"TW Neglect, Domestic Abuse, Child Abuse, Suicide mention Speaking of my childhood. I often never spent much time at home... The few times I was ever home I was often neglected and never fed. It was often me fending for myself. I also hated being at home due to how often my parents fought...",,Yes,Social Status,High
BSKY_127,"okay yeah, i'm more confident now that yotsuyu, among all the women in stormblood, personifies a very specific fear of a woman's wrath, as a consequence of misogynistic violence and abuse",,Yes,Social Status,High
BSKY_128,"So I'm just gonna CW all of this for things like Burn victim Emotional abuse Toxic relationship Shitty parents Bad upbringings And then talk more below about whats been happening with me because last time I told no one what's happening and was self destructive, so this is my attempt to fix that",,Yes,Social Status,High
BSKY_129,Shoutout to my homophobic and transphobic parents. Them tryna demonize queer people just pushed me to make them the homies more lmaooo. Started with my sister hiding her queerness to avoid further abuse and my cousin getting basically exiled during their transition but I m going to war for everybody,,Yes,Social Status,High
BSKY_130,Each day the cruelty of the Right Republicans and the silence of the Left Democrats make me hate my once beloved country more and more We Americans Are The Children of Systemic Abuse By Both Parents!,,Yes,Social Status,High
BSKY_131,"share.google 5aOgAagyUB5n... My adoption abuse memoir, written not only for me, but for my 8 other adopted siblings, is now on Kindle. Our parents treated us like criminals, the state forgot us, and we grew up isolated and fearful. Read the truth of my life in Hell House, available now",,Yes,Social Status,High
BSKY_132,"I don't think my parents ever checked what I was reading, even books from the adult section at the library. I think because I was drawn to anything that was clearly fantasy they assumed it was safe. One of those books had a child sex abuse scene that made me uncomfortable so I stopped reading it",,Yes,Social Status,High
BSKY_133,"I m just kind of bewildered. I kind of feel sorry for teachers trying to teach basic subject to children when parents are sending them to school without basic manners or ability to behave in public. My parents weren t perfect, but they never would have let me just abuse strangers without apology.",,Yes,Social Status,High
BSKY_134,It s a hard word to use especially regarding your own parents. But reading Toxic Parents in my twenties plus therapy helped me to finally call it what it was abuse. Sending so much more love to you. I m so sorry for all you went through. For scars seen and unseen.,,Yes,Social Status,High
BSKY_135,"Ugh. Yeah, the way some parents think of the kids as game pieces It took me a long time to talk about, and still the word abuse didn t occur to me, until they started in on my niece and nephew.",,Yes,Social Status,High
BSKY_136,I have always lived with tw abuse Stockholm Syndrome because both my parents verbally and physically hurt and abuse me even up to now. Even my own mother threatens me to leave on my own and tells me to go to the bus station to go to the province and live there for good.,,Yes,Social Status,High
BSKY_137,"They sound like wonderful parents. My mum was a feminist from the 50's she taught me the fundamentals didn't keep to them. I miss her, her acceptance of abuse still irks me. She did raise me in a weird betwixt of fierce feminist acceptance of abuse. It was love vs status quo, fuck the status quo",,Yes,Social Status,High
BSKY_138,You know why the abuse of staycation really gets to me? It's the implication that a holiday in the UK isn't a real holiday. The implication that my parents never took my siblings and me on holiday growing up.,,Yes,Social Status,High
BSKY_139,"SA Parental Abuse I feel. awkward trying, because i want to let myself have that. i spent my preteen and early teen years coming to terms with being beat by my parents and molested groomed i want to experience some of the things i used to do without all of that looming over me yknow",,Yes,Social Status,High
BSKY_140,TW abuse Abusers are fun like that. It takes everything within me to not scream at my family on why I cant talk with my parents. Or how I cant be in dnd groups cause my ex is still in them.,,Yes,Social Status,High
BSKY_141,"Ourghhh I hate how my parents constantly try to convince me to move back home. You'll have a support system here Maybe, but I have a support system where I am now, one that doesn't undermine me, or emotionally abuse me when they're a little drunk or a little upset. I exist here too.",,Yes,Social Status,High
BSKY_142,Disagreement is abuse I had emotionally abusive parents and haven't done the hard work of recovering from it and so subject everyone around me to my mother's vitriol and emotional distemperance as her conduit,,Yes,Social Status,High
BSKY_143,"I didn't realize my parents were emotionally neglectful until I was 24. I knew they had hurt me but I didn't know it was abuse and I didn't want to call it that. I am currently 24. And it was only because of older, wiser fellow survivors that I realized the true extent of it.",,Yes,Social Status,High
BSKY_144,"My parents would never let me financially abuse them. They have money I don t, they re wealth hoarders who made boundaries clear on what they ll give. But I see parents get taken advantage of by grown kids, who take from what they need to live, mooching off them blowing their money recklessly.",,Yes,Social Status,High
BSKY_145,"I used to be forced to watch Family Guy a show that Glorifies Abuse, with my Family. Until i was about 16 and realized my parents would let me leave Mandatory Family Time if I started asking them why it was funny when characters abused meg? Why is it okay for them to treat her that way?? 4",,Yes,Social Status,High
BSKY_146,"The Circle of Magic quartet opens with 3 kids being orphaned and a 4th who wishes her parents were dead. There's abuse, slavery, and racism right there from the first chapter, and it's one of my favorite MG series. Darkness works for the genre. and don't get me started on Animorphs .",,Yes,Social Status,High
BSKY_147,The boy in the suit on the right looks like he's thinking Please God may I die because I'm so bored and when will the smelly old man with the full adult diaper shut up! Why are my parents even voting for this old man because he sounds like he's insane to me and I'm 6 and a half! CHILD ABUSE!,,Yes,Social Status,High
BSKY_148,weird thing is that the psychological abuse my parents did to me destroyed so much of my ego that i have never had much interest in american exceptionalism imperialism. i went from capitalist nihilism to being a D1 capitalism hater instead of whatever weird stuff other UE leftists wanna argue about,,Yes,Social Status,High
BSKY_149,In about 3 hours I'm gonna hafta explain to a judge that my neighbors are harassing me because I threatened to report a pair of dysfunctional parents to the state for child abuse,,Yes,Social Status,High
BSKY_150,saw someone joke mizuyang has a problematic lore gap bc mizuki's story revolves around his trauma from the death of his parents abuse he faced from his adoptive mother the journey he has to take to heal from those wounds. then wuyang is like Ugh my parents are mad at me for going to med school,,Yes,Social Status,High
BSKY_151,"Ever since having my kid, I have much less forgiveness for my parents. They clearly didn't LIKE having children. Even when my kid frustrates me, I would never treat him the way my parents treated me. Just layers of abuse from good parents.",,Yes,Social Status,High
BSKY_152,Very much so. My older brother resents that my parents had more money when I was born. Although they were frugal with all of us. I always told him that money didn t save me from abuse. Also I needed presence emotional presence. So material things weren t what I needed.,,Yes,Social Status,High
BSKY_153,"Recently I've been coming to terms with all of this and I've concluded that yeah Everyone in my life failed me, my parents failed me, everyone at school everyone was complacent in the abuse and trauma I was dealt Guys I was so fucking close to death so many times you don't understand",,Yes,Social Status,High
BSKY_154,Please donate to help me find legal representation to return an abused boy to the father who was protecting him from domestic violence. BringSoraHome childabuse domesticviolence ireland japan justice hague trauma children,,Yes,Social Status,High
BSKY_157,I have a bittersweet recollection of my mother of blessed memory having the sudden awful realization that some parents would think raising me to be a genderfuck weirdo was child abuse. Would that all parents were as accepting and supportive.,,Yes,Social Status,High
BSKY_158,"People have stared at me too letting my mother carry things. My mother is stronger than I am and much more mobile. When I learned that I was accused of being abusive, I pointed out that my parents move better than I do and they can just walk away from me. I have no ability to abuse them...",,Yes,Social Status,High
BSKY_159,"I regret talking to my parents sometimes, they don't understand mental health and just say the devil is the blame even though I was constantly beat and had to go to school with bruises over me. Christian parents just will never admit they just abuse kids and think they are doing something right.",,Yes,Social Status,High
BSKY_160,"As a ten year old we moved from LA to the Seattle area. For some reason my parents chose to begin sending my two brothers and I to an Episcopal church on Sundays. Not a shred of it made any sense to me To this day, for me, the concept of Religious Indoctrination reeks of child abuse.",,Yes,Social Status,High
BSKY_161,"I had tried to come out as trans in 2010, my close irl friends I told were very supportive and respectful, but my parents rejected it hard enough that it left me in a state of questioning and severe depression until 2017 It was a pretty big factor of my problematic alcohol abuse during that time",,Yes,Social Status,High
BSKY_162,the internet is the only reason as a child that i was able to identify what my parents were doing to me was abuse. it was also the only contact i had with other queer kids. it allowed me to know that i was not broken for being who i am. there are ways to make the internet safer without doing this.,,Yes,Social Status,High
BSKY_163,"I refused to see it when it came out and still do. It just felt like abuse of children to me, having trouble with my own weight. It's the parents who should have been punished not them.",,Yes,Social Status,High
BSKY_164,"I, like many children, grew up with abusive, dysfunctional parents. While I spent time with kind relatives they were only brief exposures during visits. My teachers were the only adults with whom I spent long periods of exposure that gave me and my siblings blocks of normalcy away from the abuse.",,Yes,Social Status,High
BSKY_165,"force. i latched onto kris HARD i was also the weird, closeted trans kid that got kinda neglected by my parents and my peers. the weird route, which especially focuses on cocsa and the cycle of abuse, really made me feel seen and still does with every new release",,Yes,Social Status,High
BSKY_166,"c n abuse, transphobia The current state of my life summed up I'm a trans person being abused by transphobic parents who justify their treatment of me with the belief that trans people are abusers.",,Yes,Social Status,High
BSKY_167,The number of American woman with abuse in their past The Time Loops Take me to your parents My way may not be your way But my way leaves,,Yes,Social Status,High
BSKY_168,"I used to hate my oldest sister because she did once abuse me and my parents always enabled her absolute worst habits at my expense they dug into my college fund and spent it dry but you know what, she's still the only person who hurt me but then actually went to therapy, changed, and apologized.",,Yes,Social Status,High
BSKY_169,"A little over a year ago, I finally cut my parents out of my life after two decades of abuse and causing lifelong physical disabilities, and my mom keeps trying to contact me and it's honestly pissing me the fuck off She was never the most tactful but like",,Yes,Social Status,High
BSKY_170,"Mother's and Father's Days are really difficult for me and it's not because my parents are gone, they're still alive. I'm just tired of knowing they have no clue how much effort I've had to put into my adulthood to fix the many things they broke due to abuse and my health issues they ignored. ego",,Yes,Social Status,High
BSKY_171,"The things my sister did went way beyond ratting me out. She went above beyond my parents took matters in her own hands. Like, serious abuse. Pushed me into a 2nd story window, shattering it. Punched me in the face. Dug her nails into my sister. Humiliated me in front of her friends. Ad nauseum",,Yes,Social Status,High
BSKY_172,"Even thou I dont remember my first parents, I respect them fur being responsible enough to say I shouldnt or I cant raise a kid. They at least tried to give me a better life. My adoptive parents tried to control and abuse me. When they couldnt anymore they disowned me NoContact BadDad NotRealLove",,Yes,Social Status,High
BSKY_173,"I also came from an abusive upbringing including CSA, and my fathers abuse was so bad that he tried to kill me I became suicidal as a result of his abuse home life I'm only speaking from my perspective and experiences which of course won't apply the same to all parents, kids how kids turn out",,Yes,Social Status,High
BSKY_174,"it was my father who stepped in and protected me from my mother s wrath and abuse when i was a child. they re both dead now, but i will only recognize one of my parents on their holiday",,Yes,Social Status,High
BSKY_175,"After my parents' divorce, I was forced to maintain contact until my early teens but when he didn't invite me to or even tell me about his remarriage I think everyone gave up on forcing it. I talked mad shit about his abuse at his memorial and it was glorious. IDK why they invited me at all.",,Yes,Social Status,High
BSKY_176,i love that my abuse neglectful parents have morphed me into the worst possible version of myself and that i hate everything about myself because i never have lived up to their endlessly stupid fucking expectations of me,,Yes,Social Status,High
BSKY_177,"CW Child abuse When I was young I nearly died because my parents refused to take me to the hospital. I was isolated for a full week, not allowed solid foods, no visitors, and the get well present from my classmates was returned by my parents. I never forgave them, over 25 years later.",,Yes,Social Status,High
BSKY_178,I'm not going to people please for people who treat me like shit and ignore the abuse they put me through for basically my entire life. My brother threatened to kill my ex husband 3 years ago. My grandmother wants me to spend time with her even though she let my parents physically and sexually abuse,,Yes,Social Status,High
BSKY_179,It's soo humiliating. Oh I had chances to not harm others I just didn't know deescalation was possible since parents partners friends had always treated me lesser Clocking out of the Domestic Abuse factory to clock into the Child Rape factory and my only joy is my you're so mature for your age job,,Yes,Social Status,High
BSKY_180,and they refused to help. I was living paycheck to paycheck and missing one of my shifts essentially bankrupted me. So I cried to go home to my parents. Back in the nest of abuse that I came from. Mother never talked to me about what happened. Step dad silently glared at me every day.,,Yes,Social Status,High
BSKY_181,"She point blank told me she was turning me into APS. Then she asked when I wanted to schedule my next visit to see her? I wanted to say NEVER instead I said, I would have to get back with her. She was unable to explain to me why she thought my parents were not safe at home! What abuse? Neglect?!",,Yes,Social Status,High
BSKY_182,She reported she is going to tell the social worker to give me everything I ask for. My parents need support and me asking for it is not abuse nor neglect. That is appropriate and the right thing to do. There is no reason to remove my parents from their home. The VA social worker,,Yes,Social Status,High
BSKY_183,"CW Eating disorders, abuse Before I could even walk. Parents, grandparents, aunts.... Various forms of neglect, abuse... Force feeding me until I felt sick only to turn around and starve me. My body did what it needed and held onto everything and now it doesnt know any better. 2",,Yes,Social Status,High
BSKY_184,APS came and interviewed my parents and inspected the house. She told me that my parents were safe and the report of abuse and neglect are rejected. She is talking to the VA social worker and telling her to give me everything I asked. Asking for assistance is NOT abusive nor neglectful,,Yes,Social Status,High
BSKY_185,I understand. It's abuse now but back when it was being tough love conservative parents. They loved me the best they knew to from their parents. All are passed on and forgiven. I always tried to be a better parent. If I was is a question can only be answered by my children. All good.,,Yes,Social Status,High
BSKY_186,I think I m going to have to revisit moving house again One of my mother s followers shoved some shit through my letterbox yesterday and the anger I feel is affective my work AGAIN and I told her to leave me alone already Why is me having PTSD and chronic fatigue from my parents abuse not enough??,,Yes,Social Status,High
BSKY_187,"Reuploaded because CW Child abuse. The toy box comic text in the alt text. I was told repeatedly with every spanking beating how lucky I was. Always told when I was your age I got the belt, you're lucky it's just a wooden spoon my hand as if that's a justification for child abuse.",,Yes,Social Status,High
BSKY_188,"I composed a quick and dirty laundry list of illegal and mostly criminally insane things my parents have done to me over the past month , the past year and the past longer than that ... This goes beyond extreme Domestic Abuse I have lived on my own and or in other countries for most of the time",,Yes,Social Status,High
BSKY_189,"Favouritism exists cause parents don't wanna be blamed for being abusive my parents favoured my older siblings sibling on sibling abuse happened to me for years now there's no one except my twin sister and the abuse is still happening cause my mom enabled abuse, I'm the scapegoat",,Yes,Social Status,High
BSKY_190,"au idea 04 cw non consensual drugging, child abuse, implied medical abuse omegaverse au where steve and eddie were childhood friends, up until eddie presented as omega and steve s parents forbade him from contact. they tried to hang out at school, but steve s parents must have said",,Yes,Social Status,High
BSKY_191,"The other irony being parents secretly hate you if you're good? Seemingly? I was treated as odd cos my parents had very little blackmail on me. Survival I spent my childhood gray rocking my narcissitic mother and trying avoid abuse from my half sisters, trying to be as invisible as possible!",,Yes,Social Status,High
BSKY_192,"I remember the polio shot I got I was paralyzed for a week. I thank God I got the shot for a brief moment, I experienced a far worst outcome. My parents me. It never crossed their minds to abuse me by denying me the vaccines that prevented disease death. Educated people who understood science.",,Yes,Social Status,High
BSKY_193,"In middle school, teachers normalized the abuse I experienced at the hands of other students. My parents told me I needed to let things roll off my back. What none of the adults understood was that I was like a cornered animal. autism aspergers bullying open.substack.com pub julieesr...",,Yes,Social Status,High
BSKY_194,"Maybe it's because my grandparents raised me and my parents were absent pieces of shit, but I wouldn't help anyone who abused me. Abuse is abuse, doesn't matter who the abuser is.",,Yes,Social Status,High
BSKY_195,"having had to move all the way over to the other side of the country to live with my parents again to escape domestic abuse, ripping me away from all of my friends, struggling to make friends out here... everything feels so cold and i dont know how to recover or move on",,Yes,Social Status,High
BSKY_196,Old married guy finally coming out to his family Look you don t know it but I m into shoe gaze! Shoegaze! Shoe gaze! When I m alone in the car I listen to Gomez! Silversun Pickups! Airborne Toxic Event! My Bloody Valentine!,,Yes,Social Status,Medium
BSKY_199,"Donald Trump's friends and family are absolutely the LAST people I'd trust to build a nuclear reactor, or anything else involving radioactive or other toxic materials. If you thought Three Mile Island and Chernobyl were bad...",,Yes,Social Status,Medium
BSKY_212,"I bet they were told it was nothing, too. I got poisoned with the airline that I worked for with a mechanical and toxic fumes. They basically shrugged it all off. I had to fight to get disability, lost my retirement and job, and then they told me I left voluntarily to avoid benefits. Capitalism",,Yes,Appearance,Medium
BSKY_225,"No longer? An ambulance ride at 21 when I broke my leg and took an ambulance about two miles, pretty much fucked me from the start. Couldn't pay that bill due to the whole broken leg, lost my job thing. That snowballed with the medical debt. That all piled onto my credit before I even understood",,Yes,Appearance,Medium
BSKY_227,I have been beaten. I have had my nose broken. I have been thrown in jail. I have lost my job. I have lost my apartment for gay liberation and you all treat me this way? What the fuck's wrong with you all? Sylvia Rivera's speech 1973,,Yes,Appearance,Medium
BSKY_228,"Decendants of the anti civil rights movement and the snake oil christian charlatans found a population of country music caricatures I lost my job, spouse, truck, dog, etc. through AM radio, and built a self serving, perpetual gene pool of cult followers. 60 years of blaming others for failure.",,Yes,Appearance,Medium
BSKY_235,"This post is supposed to be a sales post for the new Innsmouth supplement. And it does a job at that. But I lost my old Innsmouth and... Everything Chaosium in the house fire and so I feel sad. That said, if you don't have my baggage, get this. Innsmouth was an amazing supplement.",,Yes,Appearance,Low
BSKY_239,"In college some of the NoVA kids used to call me a brick but even if my parents could have afforded it, I wouldn't have gotten access to blockers and HRT on account of being a pastors kid. Even if my parents understood at the time, my dad would've lost his job. The deacons abused me for being gay.",,Yes,Appearance,High
BSKY_240,I wish i could do a poll on here yet if I were to post a ko fi link for raising funds to buy a hotel for the direction of BFC would you be mad at me. I hate asking for money. Yet also if anyone wants to room with me feel free to dm me. I have no money tho. I sadly lost my job on June 30th,,Yes,Appearance,Low
BSKY_251,"Sadly apparently lost to time like tears in the rain, but I remember Siobhan from Bananarama Shakespear's Sister doing a cracking job of Driving In My Car on the 'guess the intro' round on Never Mind The Buzzcocks TOTP",,Yes,Appearance,Low
BSKY_292,These guys are so lost. I can't imagine being a young woman having to deal with this absolute cringe advice in my day to day life. Mark does a stellar job poking holes in their broken logic. IMO Flip the genders and these guys would scream man hater!! Dating Psych youtu.be KevTBc07wm8?...,,Yes,Appearance,Medium
BSKY_297,"Things are... really, really bad for me in the real world. I have been depressed since my teen years and it keeps getting worse. I am unemployed and severely isolated. As much as I love my friends online, it's the physicality that's really tearing me up. I have no friends in my vicinity",,Yes,Appearance,Medium
BSKY_298,"Well, I am officially unemployed for a week or two until the new business takes over. It's sad to see the old place go. Since I have no income if y'all want Needle Felted rocks or silly scuffy sketches check out my Etsy and vGen respectively! Anything helps! I'll link it below.",,Yes,Appearance,Low
BSKY_299,My sister is on holiday and recovering from an ankle strain and I am unemployed and depressed which means we have now spent almost three weeks holed up together and I think we may kill each other soon,,Yes,Appearance,Medium
BSKY_301,I think the saddest people always try their hardest to make people happy. Because they know what it's like to feel absolutely worthless and they don't want anybody else to feel like that.,,Yes,Appearance,Low
BSKY_302,No I get you re fedposting to feel better I m just saying your opinion is worthless,,Yes,Appearance,Low
BSKY_303,"I just want this AI shit to go away. My brain is good enough, actually. I don t need some genAI program to help me make. I m so upset. I feel like everything I achieved in crafts is worthless",,Yes,Appearance,Low
BSKY_304,sometimes i think i m unlikable and worthless but then a bartender comps my draft pour and knocks my to go beer down to wholesale value and i feel like i gotta be wrong about the unlikability.,,Yes,Appearance,Low
BSKY_305,Was there something I could've said to make it all stop hurting? It kills me how your mind can make you feel so worthless.,,Yes,Appearance,Low
BSKY_306,"You know. I know we all know book burning is BAD, but like, we all have read one book so abhorrent, worthless, and dogshit that we feel like no person should ever be subjected to reading the garbage within it... a tree died for that shit too. How fucked.",,Yes,Appearance,Low
BSKY_307,"These HRT timelines only include, like, 3 5 years. After that there's still changes ofc. This year I experienced My arms look like my mom's. I'm the most cishet looking of my colleagues. Instead of thinking I'm worthless because I'm trans I started to feel worthless because I'm a woman.",,Yes,Appearance,Low
BSKY_308,"Watch me whore myself out to other men while you sit there with your pathetic little cuck dick, hubby. You love it when I make you feel like a worthless piece MORE ON cuckoldloser",,Yes,Appearance,Low
BSKY_309,you're not worthless I hope things get better for you and that you feel better I know there's friends who care about you if you need to please take a break,,Yes,Appearance,Low
BSKY_310,"Hate the feeling when someone is wanting a certain type of energy vibe from me, and I just don't have the energy, and I can tell they really want something, and it just makes me feel like I'm fucking worthless, and I know it'll lead to distance, but I need space.... fuck... fuck fuck fuck",,Yes,Appearance,Low
BSKY_311,i try so hard just to have my efforts reduced to nothing and it makes me feel fucking worthless,,Yes,Appearance,Low
BSKY_312,"I grew up thinking everything was an opportunity to justify existing, but there are people out there who won't make you feel worthless. You just have to let yourself meet them.",,Yes,Appearance,Low
BSKY_313,The U.S. needs to stop electing such worthless idiots. I feel like I am watching something from a dystopian horror movie. How do people like this get power?,,Yes,Appearance,Low
BSKY_314,"Like the worst part is that im starting to internalise it. I dont want that worthless old mans opinions of my perceived attitude to influence my own sense of self. I really feel like im rapidly losing my personhood at this job im ngl. As ironic as it is, customer service jobs are so dehumanizing",,Yes,Appearance,Low
BSKY_315,im trying to get my mind off of it by drawing but the feedback i got while constructive just made me feel kinda worthless. but then again id probably get overwhelmed and cry in a corner after hours at that job anyway,,Yes,Appearance,Low
BSKY_316,"i can t accept ai into my life because i fail to understand how it s supposed to be just as or more satisfying to get the end result now this instant, than after putting time and effort into doing it myself. if i got a drawing, 3d model or a game object script instantly, i d feel truly worthless.",,Yes,Appearance,Medium
BSKY_317,I feel so fucking worthless right now. I'm sorry.,,Yes,Appearance,Low
BSKY_318,see I too can just say shit and make other people feel worthless about normal human functions,,Yes,Appearance,Low
BSKY_319,I can't keep living off 1600 month that just goes to nothing but debts. I feel so fucking worthless.,,Yes,Appearance,Low
BSKY_320,"i remember how all of this has led me to feel comfortable about the idea of dying. i am worthless so it doesn t matter if i die, and when i die it will be like sleeping as my consciousness, a product of my brain s function, faded into nothingness. i would be lying if i said i m 100 not afraid but",,Yes,Appearance,Low
BSKY_321,"By the sounds of it, that letter was worthless Not going to lie, I feel little to nothing for the kids of oligarches.",,Yes,Appearance,Low
BSKY_323,Republicans pursue real minors because they hate consent and love violating others to feel powerful for once in their sad worthless lives. I pursue fictional ones because God failed by not giving middle school girls the faculties to consent to getting railed. We are built different.,,Yes,Appearance,Medium
BSKY_324,Feeling worthless But I see you Fearfully wonderfully made My beloved child You are enough Psalm 139 14 Please Like Follow For Feel blessing!,,Yes,Appearance,Low
BSKY_325,"i can't tell how i feel about it because on one hand it's nice for a recap episode to not be fundamentally worthless in the circumstances that it would be, but plot development in an episode that's 70 recap is uniquely frustrating on its own",,Yes,Appearance,Low
BSKY_326,I feel worthless but I had to delete my insta after everyone I loved betrayed me,,Yes,Appearance,Low
BSKY_327,He s made me feel so worthless and stupid lately . He doesn t even know that the reason why I kept crying yesterday was because of him.,,Yes,Appearance,Low
BSKY_328,I feel like a worthless sack of shit tbh. I can't afford food for my family or pets. Debating contacting a food bank but feel like there's people who need it more than me. I have pantry stuff I'll make it work. Being a single mom isn't for the weak. Let alone being disabled..,,Yes,Appearance,Low
BSKY_329,Maybe everyone wants a yacht a space project feel worthless with just a Beemer McMansion. Monopolies like Amazon FB are behind a lot of it. Great inventions turned into dependencies. Pay or disappear. They will be public utilities someday. I don t think soon but eventually owned by users.,,Yes,Appearance,Low
BSKY_330,my friend keeps saying his grades are bad when he's got a higher gpa than me and i keep saying that his gpa is higher than mine but i know damn well i feel worthless over my own gpa even tho realistically i am probably above average,,Yes,Appearance,Low
BSKY_331,"I was with you over 40 years ago, and feel your anger received their ridicule. It's been hard to keep up the fight. Faith is worthless. Optimism is unconsciousness. Realism is truth. You have a voice. Scream from your mountaintop like an offering of art and let it go.",,Yes,Appearance,Low
BSKY_332,"I still feel really fucking depressed. Like, worthless and useless. Alone and unloved. That feeling was never going to magically go away by itself. The people in my life decided to pile more hatred and abuse on top of what I already went through to make me feel even worse. Fucking sociopaths.",,Yes,Appearance,High
BSKY_333,I feel genuine homicidal violence toward the fucking PPA you stupid worthless fucking cunts,,Yes,Appearance,Low
BSKY_334,"Reminder SPCX at even 5 of its current price will give Musk his fellow insiders truly obscene profits while unloading worthless garbage on unsuspecting investors in Nasdaq 100 Russell 1000 index funds and on other retail bag holders, but for them I feel zero sympathy .",,Yes,Appearance,Low
BSKY_335,"I've been trying to be bold enough to compliment people more. I can't control when other peoples' actions make me feel small or worthless. I can't control which people leave which stay. But I can choose to be kind. I can choose to brighten someone else's day a bit, bc we can all use some sunshine.",,Yes,Appearance,Low
BSKY_336,"I feel like the median anti LLM position has morphed from this tech is a worthless scam to OK the tech is extraordinary but the people behind it are bad, the externalities are bad, and the boom is a bubble. Which is a vast improvement! At least mostly reality based discussion is possible now.",,Yes,Appearance,Low
BSKY_337,"promised, especially since there's zero budget for it outside of my own pocket money, but also because just working on it seems like an uphill battle against my mental state. I feel completely useless and worthless and incapable of doing anything. I barely go out, barely do anything I like",,Yes,Appearance,Low
BSKY_338,they might as well say don't use wireless earphones because the switch's wireless earphones compatibility is so bad that I feel like they'd be worthless for a rhythm game,,Yes,Appearance,Low
BSKY_340,You feel worthless. Wondering if you matter. But I call you precious. You are honored. Forever loved by me. Isaiah 43 4 Please Like Follow For Feel blessing!,,Yes,Appearance,Low
BSKY_341,whenever i feel real down i try to prop myself up like im really good at x but its just kind of i can fufill my purpose nd that only reinfoces it . without it i am worthless,,Yes,Appearance,Low
BSKY_342,"Robin Williams is said to have said I think the saddest people always try their hardest to make people happy because they know what it s like to feel absolutely worthless and they don t want anyone else to feel like that. He probably didn t, but I like to remember him with that on his birthday.",,Yes,Appearance,Low
BSKY_343,You feel worthless Your heart feels empty I see your value You are priceless Rest in my love 1 Peter 2 9 Please Like Follow For Feel blessing!,,Yes,Appearance,Low
BSKY_344,"I serve a God that tells me that I'm more precious than rubies. Proverbs 3 15 When the world makes you feel worthless, remember Heaven calls you priceless. Rubies fade. Gold rusts. But your worth in Christ is eternal. You are not forgotten. You are not cheap. You are chosen, loved, and more.",,Yes,Appearance,Low
BSKY_345,"In other news finished main story for granblue reeling ragnarok. God this game is so good. There s a lot that will be missed if you aren t a fan of the mobage, been even so it s such a fun game. I only have two major complaints, power creep is so real. A lot of the old chars feel worthless now.",,Yes,Appearance,Low
BSKY_346,rant i do love my art but im too mentally fragile for everything so i feel worthless as fuck and get convinced that my art sucks when i dont get the result validation i want,,Yes,Appearance,Low
BSKY_347,I wish people considered pulling a trans woman an achievement I do But nobody thinks I'm a prize or a catch It makes me feel kind of worthless,,Yes,Appearance,Low
BSKY_348,"This is too much. I feel so worthless. My job is hell, my friend is losing their home, and everyone around me is so lost, and I can't help them or myself. I'm so fucked",,Yes,Appearance,Low
BSKY_349,"I m so tired of giving everything to succeed only to keep failing. I feel worthless, stupid, and just awful. If any of you have gone through feeling like a failure at work or at life and are okay now, what did you do to succeed?",,Yes,Appearance,Medium
BSKY_350,I feel like such a worthless useless detriment to everyone,,Yes,Appearance,Low
BSKY_351,You feel worthless. Like no one sees. I see you. You are precious. Worth my all. Isaiah 43 4 Please Like Follow For Feel blessing!,,Yes,Appearance,Low
BSKY_352,I feel like my kinks kinda boil down to being acknowledged as worthless but someone else finding value in me despite that. I shall choose to keep thinking this is a normal thought process.,,Yes,Appearance,Low
BSKY_353,Well shrugging off feeling completely worthless is not... NOT doing anything. I am curious if being like that's just how I feel that's not who I am is going to end in me completely crashing and burning like ignoring it does.,,Yes,Appearance,Low
BSKY_354,"The search in File Explorer now seems to search for files that match any ONE of the words you typed in. So like, if I search for dog GIF it'll show me files that have dog in the name, or are a GIF. Making it next to worthless. IDK, maybe this was always an issue, but I feel like it wasn't",,Yes,Appearance,Low
BSKY_355,"today is my rest day, cuz I don t want to over do it, and I can t help but feel utterly and completely worthless. like there is soooo much still to do!",,Yes,Appearance,Low
BSKY_356,The weird thing about being treated badly by someone who s abusive and sadistic is that I m the one who winds up sobbing and having suicidal thoughts because I feel so worthless. That shouldn t be happening to me! I know this asshole is wrong and also spiteful!,,Yes,Appearance,High
BSKY_357,I feel terrible for the troops that lost their lives in this worthless meaningless war. What a shame.,,Yes,Appearance,Low
BSKY_358,I really like that he's been pretty explicitly telling everyone he's just going to continue doing the starmer agenda. makes the change in leadership feel exquisitely worthless.,,Yes,Appearance,Low
BSKY_359,"i do not wish to go onto a detailed reason why i feel this way, but it's to do with the fact that I truly believe any form of feedback on a 'creative art' given by people who themselves have not experienced what it's like to CREATE art of that form is worthless",,Yes,Appearance,Low
BSKY_360,"I just hate how vapid the writing is. 75 of the characters just feel worthless. The emblems are a bright spot, but even they feel hollow because the game doesn't go into detail on their backstories. They just exist as a moral support to alear",,Yes,Appearance,Low
BSKY_361,One of those days where I don't really wanna do anything and just... sulk in a corner cause I feel absolutely worthless.,,Yes,Appearance,Low
BSKY_362,maybe it's the fact I've stopped taking my meds NOT STOPPING PERMANENTLY JUST TESTING AND SWITCHING and also the double shifts but man I hate feeling so worthless and irritated at everything I want to have sunshine and rainbows and y'know things with the family are baby steps better ? but I feel,,Yes,Appearance,Low
BSKY_363,I feel like so many magic players have this awkward pile of cards that aren't worthless but are also INCREDIBLY difficult to sell individually. Believe me when I say this is the literal perfect solution for that. This is the second batch of 12 packs we've gotten from this place.,,Yes,Appearance,Low
BSKY_364,"I always ask myself when I am sick, why do I feel guilty for feeling like crap? Then I remember how my dad would always yell at me, scream at me, call me worthless, lazy. Even when I became an adult and was diagnosed with my disabilities, he told me I was faking. Fun fun",,Yes,Appearance,Low
BSKY_365,"4 patients take advantage of it. That's true, because they're completely worthless ask me how I know unlike with an actual physical, which Medicare used to pay for, there's no real exam. Got a problem you want your doctor to look at or feel? Nope not part of the assessment, which asks...",,Yes,Appearance,Low
BSKY_366,"i can't stop crying, i feel fucking worthless",,Yes,Appearance,Low
BSKY_367,Honestly i feel that im worthless To the point i push people away Because i feel i only cause peoblems for others,,Yes,Appearance,Low
BSKY_368,"On one hand Paw , I should stop getting into worthless discourse on here with uneducated people. But on the other hand Paw , they say some of the most outrageous stuff that I feel like I HAVE to say something.. xD",,Yes,Appearance,Low
BSKY_369,I wanna blow my fucking brains out God I fucking hate this I hate it please I just want to not feel alone and unimportant and worthless for like one day please like just onve,,Yes,Appearance,Low
BSKY_370,"It's strange living with such a present sense of cognitive dissonance. I know people deserve love, and yet I always treat myself like I haven t earned it. I know people shouldn't feel like they have to have some kind of worth to form friendships. And yet I feel like I'm worthless to those around me.",,Yes,Appearance,Low
BSKY_371,"have you. I feel like a worthless piece of shit... and the worst part is, I'm believing it all. All the nasty shit my mind tells me... it's all true, eh? I have no talent, I have nothing, and the rejections are demotivating. I've tried therapy before but it was just a basic just don't think",,Yes,Appearance,Low
BSKY_372,"I feel that, but honestly he should receive the very best health care and be forced to rot in a cell while we watch on a 24 hour webcam. Let him eat kale and steamed chicken three times a day for the remainder of his worthless fucking life.",,Yes,Appearance,Low
BSKY_373,"As much as I like drawing, it will all feel worthless if no one will like my visual novel. I'm drawing for this project alone, I've started drawing for this project alone. I'm doing my best to make it nice, but I hope I'll be lucky enough.",,Yes,Appearance,Low
BSKY_374,"I know what its like to be in pain feel worthless so I do everything i can to make people smile, to make them laugh..because i never want anyone in life to have to feel that worthlessness feeling but instead just feel joy",,Yes,Appearance,Low
BSKY_375,"I hear you and feel for you. I left here 5 days ago in tears because someone told me I was worthless, so I believed it. No more, I Love and value myself and we can enjoy the kindness from others to reinforce our self appreciation and the self esteem towards ourselves! I Love, see and hear you!",,Yes,Appearance,Low
BSKY_376,"drawing aegyo sal is so hard for me for no reason its like the line literally wont show up on my skin at all i ended up not being able to have a look remotely similar to pien, so i feel worthless and ugly now",,Yes,Appearance,Low
BSKY_377,Good morning Loser! I am ready to make you feel even more worthless. Get on your knees and worship ME! Live now at worship findom femdom humiliation domination cei joi nsfw domina humanatm drain livegirl camcontacts paypig loser,,Yes,Appearance,Low
BSKY_378,"I hear it was something along the lines of your editor is supposed to break your heart and make you feel worthless and... yeah, no. Absolutely do not work with an editor who undermines you like that. And definitely not one who would post about it proudly on the interwebs in the year 2026.",,Yes,Appearance,Low
BSKY_379,"It literally makes me feel so worthless, hopeless, disgusting, and beyond saving every time why do I fucking hurt myself like that if all it brings me is so much hatred of myself??? Doesn't even help me feel better in any way, it's just a stupid fucking distraction.",,Yes,Appearance,Medium
BSKY_384,"I hate that for some people orgasm makes them sleepy, but instead, for me, it gives me a freaky energy boost Can't just wank myself to sleep, that would never work, yeah I'd be less stressed but I'd also be freaky awake Just pondering, thinking, rambling away my ideas That is all",,Yes,Appearance,Low
BSKY_430,hit with the sad reality I have no friends nearby like my brother does so i'm just sitting in my chair wanting to do things but can't,,Yes,Social Status,Low
BSKY_435,In the past I had a mentality of Oh no I got depressed and did not talk to my friends for several months. SURELY they don't want to talk to me anymore and I have ruined the relationship And I'm really glad that now I am talking to people that I haven't talked to in a while and actually it's ok,,Yes,Social Status,Medium
BSKY_437,"I should also add that it makes it difficult to even want to reach out to people I'm close to. I barely talk to anyone anymore. It's like I'm stuck in a paradox. I either have no friends, or deal with immense anxiety when talking to people. It's a lose lose situation no matter what.",,Yes,Social Status,Medium
BSKY_439,"I want friends, but I have no energy for them. I'm bored, but I don't actually want to do anything. I want to feel connected, but I can't carry anyone else's weight right now, especially not their trauma.",,Yes,Social Status,High
BSKY_453,oh the like grounding excercises people... I assumed they were a thing. Maybe I just have friends who know stuff like that and bring it up when I feel stressed and there is no such corner...,,Yes,Social Status,Low
BSKY_457,"People are way too desensitized to emotional abuse. I promise that you don't deserve to be treated poorly by friends, family, or anyone. People will make excuses for abusive behavior and have no sympathy for victims. Don't do the same to yourself. You deserve better.",,Yes,Social Status,High
BSKY_499,"i stress out when jm alone, i get frustrated talking to people online, i feel lonely around real people, i cant bloody win can i?",,Yes,Social Status,Medium
BSKY_500,had a shitty dream that made me feel incredibly lonely and ignored when I took a nap and it's been coloring my mood since then,,Yes,Social Status,Medium
